<!-- This file was created for TagID. More info at http://www34.brinkster.com/kingherc/. -->
<FrameExplanations>
  <!--
  XmlElements should be of the following format:
  <4-CharacterFrameID Name="..." Class="...">
  [<Summary_Description>
   ...
   </Summary_Description>]
  [<Full_Description>
   ...
   </Full_Description>]
   </4-CharacterFrameID>
  -->
  
  <AENC Name="AudioEncryption" Class="ID3AudioEncryptionFrame">
    <Summary_Description>
      Audio Encryption
    </Summary_Description>
    <Full_Description>
      This frame indicates if the actual audio stream is encrypted, and by whom. Since standardisation of such encrypion scheme is beyond this document, all "AENC" frames begin with a terminated string with a URL containing an email address, or a link to a location where an email address can be found, that belongs to the organisation responsible for this specific encrypted audio file. Questions regarding the encrypted audio should be sent to the email address specified. If a $00 is found directly after the 'Frame size' and the audiofile indeed is encrypted, the whole file may be considered useless.

      After the 'Owner identifier', a pointer to an unencrypted part of the audio can be specified. The 'Preview start' and 'Preview length' is described in frames. If no part is unencrypted, these fields should be left zeroed. After the 'preview length' field follows optionally a datablock required for decryption of the audio.
      There may be more than one "AENC" frames in a tag, but only one with the same 'Owner identifier'.
    </Full_Description>
  </AENC>

  <APIC Name="Picture" Class="ID3PictureFrame">
    <Summary_Description>
      Attached picture
    </Summary_Description>
    <Full_Description>
      This frame contains a picture directly related to the audio file. Image format is the MIME type and subtype for the image. In the event that the MIME media type name is omitted, "image/" will be implied. The "image/png" or "image/jpeg" picture format should be used when interoperability is wanted. Description is a short description of the picture, represented as a terminated textstring. The description has a maximum length of 64 characters, but may be empty. There is the possibility to put only a link to the image file by using the 'MIME type' "-->" and having a complete URL instead of picture data. The use of linked files should however be used sparingly since there is the risk of separation of files.
      There may be more than one frame in a tag, but only one with the same 'Description'. There may only be one picture with the picture type declared as picture type "32x32 pixels 'file icon' (PNG only)" or "Other file icon". Whenever the Picture property is set, the MIMEType is set based on the RawFormat of the image.
    </Full_Description>
    <MIMEType>E.g. "image/jpeg". If omitted, "image/" will be implied.</MIMEType>
  </APIC>

  <COMM Name="Comments" Class="ID3CommentsFrame">
    <Summary_Description>
      Comments
    </Summary_Description>
    <Full_Description>
      This frame is indended for any kind of full text information that does not fit in any other frame. It consists of a frame header followed by encoding, language and content descriptors and is ended with the actual comment as a text string. Newline characters are allowed in the comment text string.
      There may be more than one comments frame per tag, but only one with the same Language and Description.
    </Full_Description>
    <Description>A short description of the comments.</Description>
  </COMM>

  <COMR Name="Commercial" Class="ID3CommercialFrame">
    <Summary_Description>
      Commercial frame
    </Summary_Description>
    <Full_Description>
      This frame enables several competing offers in the same tag by bundling all needed information. That makes this frame rather complex but it's an easier solution than if one tries to achieve the same result with several frames. The frame begins, after the frame ID, size and encoding fields, with a price string field. A price is constructed by one three character currency code, encoded according to ISO-4217 alphabetic currency code, followed by a numerical value where "." is used as decimal seperator. In the price string several prices may be concatenated, seperated by a "/" character, but there may only be one currency of each type.

      The price string is followed by an 8 character date string in the format YYYYMMDD, describing for how long the price is valid. After that is a contact URL, with which the user can contact the seller, followed by a one byte 'received as' field. It describes how the audio is delivered when bought according to the following list:

      $00 Other
      $01 Standard CD album with other songs
      $02 Compressed audio on CD
      $03 File over the Internet
      $04 Stream over the Internet
      $05 As note sheets
      $06 As note sheets in a book with other sheets
      $07 Music on other media
      $08 Non-musical merchandise

      Next follows a terminated string with the name of the seller followed by a terminated string with a short description of the product. The last thing is the ability to include a company logotype. The first of them is the 'Picture MIME type' field containing information about which picture format is used. In the event that the MIME media type name is omitted, "image/" will be implied. Currently only "image/png" and "image/jpeg" are allowed. This format string is followed by the binary picture data. This two last fields may be omitted if no picture is to attach.
    </Full_Description>
  </COMR>

  <ENCR Name="EncryptionMethodRegistration" Class="ID3EncryptionMethodRegistrationFrame">
    <Summary_Description>
      Encryption method registration
    </Summary_Description>
    <Full_Description>
      To identify with which method a frame has been encrypted the encryption method must be registered in the tag with this frame. The 'Owner identifier' is a null-terminated string with a URL containing an email address, or a link to a location where an email address can be found, that belongs to the organisation responsible for this specific encryption method. Questions regarding the encryption method should be sent to the indicated email address. The 'Method symbol' contains a value that is associated with this method throughout the whole tag. Values below $80 are reserved. The 'Method symbol' may optionally be followed by encryption specific data. The method must be used somewhere in the tag. See section 3.3.1, flag j for more information.
      There may be more than one EncryptionMethodRegistration frames per tag, but only one containing the same symbol and only one containing the same owner identifier.
    </Full_Description>
  </ENCR>

  <EQUA Name="Equalization" Class="ID3EqualizationFrame">
    <Summary_Description>
      Equalization
    </Summary_Description>
    <Full_Description>
      This is another subjective, alignment frame. It allows the user to predefine an equalisation curve within the audio file.
    </Full_Description>
  </EQUA>

  <ETCO Name="EventTimingCodes" Class="ID3EventTimingCodesFrame">
    <Summary_Description>
      Event timing codes
    </Summary_Description>
    <Full_Description>
      This frame allows synchronisation with key events in a song or sound.
    </Full_Description>
  </ETCO>

  <GEOB Name="General Object" Class="ID3GeneralEncapsulatedObjectFrame">
    <Summary_Description>
      General encapsulated object
    </Summary_Description>
    <Full_Description>
      In this frame any type of file can be encapsulated. After the header, 'Frame size' and 'Encoding' follows 'MIME type' represented as as a terminated string encoded with ISO-8859-1. The filename is case sensitive and is encoded as 'Encoding'. Then follows a content description as terminated string, encoded as 'Encoding'. The last thing in the frame is the actual object. The first two strings may be omitted, leaving only their terminations.
      There may be more than one "GEOB" frame in each tag, but only one with the same content descriptor.
    </Full_Description>
  </GEOB>

  <GRID Name="Group identification registration" Class="ID3GroupIdentificationRegistrationFrame">
    <Summary_Description>
      Group identification registration
    </Summary_Description>
    <Full_Description>
      This frame enables grouping of otherwise unrelated frames. This can be used when some frames are to be signed. To identify which frames belongs to a set of frames a group identifier must be registered in the tag with this frame. The 'Owner identifier' is a null-terminated string with a URL containing an email address, or a link to a location where an email address can be found, that belongs to the organisation responsible for this grouping. Questions regarding the grouping should be sent to the indicated email address. The 'Group symbol' contains a value that associates the frame with this group throughout the whole tag. Values below $80 are reserved. The 'Group symbol' may optionally be followed by some group specific data, e.g. a digital signature. The group symbol must be used somewhere in the tag. See section 3.3.1, flag j for more information.
      There may more than one GroupIdentificationRegistration frames per tag, but only one containing the same symbol and only one containing the same owner identifier.
    </Full_Description>
  </GRID>

  <IPLS Name="Involved People" Class="ID3InvolvedPeopleListFrame">
    <Summary_Description>
      Involved people list
    </Summary_Description>
    <Full_Description>
      Since there might be a lot of people contributing to an audio file in various ways, such as musicians and technicians, the 'Text information frames' are often insufficient to list everyone involved in a project. The 'Involved people list' is a frame containing the names of those involved, and how they were involved. The body simply contains a terminated string with the involvement directly followed by a terminated string with the involvee followed by a new involvement and so on. There may only be one "IPLS" frame in each tag.
    </Full_Description>
  </IPLS>

  <LINK Name="Linked Information" Class="ID3LinkedInformationFrame">
    <Summary_Description>
      Linked information
    </Summary_Description>
    <Full_Description>
      To keep space waste as low as possible this frame may be used to link information from another ID3v2 tag that might reside in another audio file or alone in a binary file. It is recommended that this method is only used when the files are stored on a CD-ROM or other circumstances when the risk of file seperation is low. The frame contains a frame identifier, which is the frame that should be linked into this tag, a URL field, where a reference to the file where the frame is given, and additional ID data, if needed. Data should be retrieved from the first tag found in the file to which this link points. A linked frame is to be considered as part of the tag and has the same restrictions as if it was a physical part of the tag (i.e. only one "RVRB" frame allowed, whether it's linked or not).
      Frames that may be linked and need no additional data are "IPLS", "MCID", "ETCO", "MLLT", "SYTC", "RVAD", "EQUA", "RVRB", "RBUF", the text information frames and the URL link frames.

      The "TXXX", "APIC", "GEOB" and "AENC" frames may be linked with the content descriptor as additional ID data.

      The "COMM", "SYLT" and "USLT" frames may be linked with three bytes of language descriptor directly followed by a content descriptor as additional ID data.
      
      There may be more than one LinkedInformation frames per tag, but only one with the same contents.
    </Full_Description>
  </LINK>

  <MCDI Name="CD ID" Class="ID3CompactDiscIdentifierFrame">
    <Summary_Description>
      Music CD identifier
    </Summary_Description>
    <Full_Description>
      This frame is intended for music that comes from a CD, so that the CD can be identified in databases such as the CDDB. The frame consists of a binary dump of the Table Of Contents, TOC, from the CD, which is a header of 4 bytes and then 8 bytes/track on the CD plus 8 bytes for the 'lead out' making a maximum of 804 bytes. The offset to the beginning of every track on the CD should be described with a four bytes absolute CD-frame address per track, and not with absolute time. This frame requires a present and valid "TRCK" frame, even if the CD's only got one track.
    </Full_Description>
  </MCDI>

  <MLLT Name="MPEG location lookup table" Class="ID3MPEGLocationLookupTableFrame">
    <Summary_Description>
      MPEG location lookup table
    </Summary_Description>
    <Full_Description>
      To increase performance and accuracy of jumps within a MPEG audio file, frames with timecodes in different locations in the file might be useful. The ID3v2 frame includes references that the software can use to calculate positions in the file. After the frame header is a descriptor of how much the 'frame counter' should increase for every reference. If this value is two then the first reference points out the second frame, the 2nd reference the 4th frame, the 3rd reference the 6th frame etc. In a similar way the 'bytes between reference' and 'milliseconds between reference' points out bytes and milliseconds respectively. Each reference consists of two parts; a certain number of bits, as defined in 'bits for bytes deviation', that describes the difference between what is said in 'bytes between reference' and the reality and a certain number of bits, as defined in 'bits for milliseconds deviation', that describes the difference between what is said in 'milliseconds between reference' and the reality. The number of bits in every reference, i.e. 'bits for bytes deviation'+'bits for milliseconds deviation', must be a multiple of four.
    </Full_Description>
  </MLLT>

  <OWNE Name="Ownership" Class="ID3OwnershipFrame">
    <Summary_Description>
      Ownership frame
    </Summary_Description>
    <Full_Description>
      The ownership frame might be used as a reminder of a made transaction or, if signed, as proof. Note that the "USER" and "TOWN" frames are good to use in conjunction with this one. The frame begins, after the frame ID, size and encoding fields, with a 'price payed' field. The first three characters of this field contains the currency used for the transaction, encoded according to ISO-4217 alphabetic currency code. Concatenated to this is the actual price payed, as a numerical string using "." as the decimal separator. Next is an 8 character date string (YYYYMMDD) followed by a string with the name of the seller as the last field in the frame.
    </Full_Description>
  </OWNE>

  <PRIV Name="Private" Class="ID3PrivateFrame">
    <Summary_Description>
      Private binary data
    </Summary_Description>
    <Full_Description>
      Contains information from a software producer that its program uses and does not fit into the other frames. The frame consists of an 'Owner identifier' string and the binary data. The 'Owner identifier' is a null-terminated string with a URL containing an email address, or a link to a location where an email address can be found, that belongs to the organisation responsible for the frame. Questions regarding the frame should be sent to the indicated email address.
      The tag may contain more than one Private frames but only with different contents. It is recommended to keep the number of "PRIV" frames as low as possible.
    </Full_Description>
    <OwnerIdentifier>An URL, email etc. that identifies the owner of the binary data.</OwnerIdentifier>
  </PRIV>

  <PCNT Name="Play Counter" Class="ID3PlayCounterFrame">
    <Summary_Description>
      Play counter
    </Summary_Description>
    <Full_Description>
      This is simply a counter of the number of times a file has been played. The value is increased by one every time the file begins to play. When the counter reaches all one's, one byte is inserted in front of the counter thus making the counter eight bits bigger. The counter must be at least 32-bits long to begin with.
    </Full_Description>
  </PCNT>

  <POPM Name="Popularimeter" Class="ID3PopularimeterFrame">
    <Summary_Description>
      Popularimeter (rating of a user)
    </Summary_Description>
    <Full_Description>
      The purpose of this frame is to specify how good an audio file is. Many interesting applications could be found to this frame such as a playlist that features better audiofiles more often than others or it could be used to profile a person's taste and find other 'good' files by comparing people's profiles. The frame is very simple. It contains the email address to the user, one rating byte and a four byte play counter, intended to be increased with one for every time the file is played. The email is a terminated string. The rating is 1-255 where 1 is worst and 255 is best. 0 is unknown. If no personal counter is wanted it may be omitted. When the counter reaches all one's, one byte is inserted in front of the counter thus making the counter eight bits bigger in the same away as the play counter ("PCNT").
      There may be more than one Popularimeter frames per tag, but only one with the same email address.
    </Full_Description>
    <Counter>The times the track has been played by the user.</Counter>
    <Rating>1 is worst, 255 is best. 0 is unknown.</Rating>
    <EMailAddress>The email of this popularimeter's user.</EMailAddress>
  </POPM>

  <POSS Name="Position synchronisation frame" Class="ID3PositionSychronizationFrame">
    <Summary_Description>
      Position synchronisation frame
    </Summary_Description>
    <Full_Description>
      This frame delivers information to the listener of how far into the audio stream he picked up; in effect, it states the time offset of the first frame in the stream. Position is where in the audio the listener starts to receive, i.e. the beginning of the next frame. If this frame is used in the beginning of a file the value is always 0.
    </Full_Description>
  </POSS>

  <RBUF Name="Recommended buffer size" Class="ID3RecommendedBufferSizeFrame">
    <Summary_Description>
      Recommended buffer size
    </Summary_Description>
    <Full_Description>
      Sometimes the server from which a audio file is streamed is aware of transmission or coding problems resulting in interruptions in the audio stream. In these cases, the size of the buffer can be recommended by the server using this frame. If the 'embedded info flag' is true (1) then this indicates that an ID3 tag with the maximum size described in 'Buffer size' may occur in the audiostream. In such case the tag should reside between two MPEG frames, if the audio is MPEG encoded. If the position of the next tag is known, 'offset to next tag' may be used. The offset is calculated from the end of tag in which this frame resides to the first byte of the header in the next. This field may be omitted. Embedded tags are generally not recommended since this could render unpredictable behaviour from present software/hardware.

      For applications like streaming audio it might be an idea to embed tags into the audio stream though. If the clients connects to individual connections like HTTP and there is a possibility to begin every transmission with a tag, then this tag should include a 'recommended buffer size' frame. If the client is connected to a arbitrary point in the stream, such as radio or multicast, then the 'recommended buffer size' frame should be included in every tag. Every tag that is picked up after the initial/first tag is to be considered as an update of the previous one. E.g. if there is a "TIT2" frame in the first received tag and one in the second tag, then the first should be 'replaced' with the second.

      The 'Buffer size' should be kept to a minimum.
    </Full_Description>
  </RBUF>

  <RVAD Name="Relative Volume Adjustment" Class="ID3RelativeVolumeAdjustmentFrame">
    <Summary_Description>
      Relative volume adjustment
    </Summary_Description>
    <Full_Description>
      This is a more subjective function than the previous ones. It allows the user to say how much he wants to increase/decrease the volume on each channel while the file is played. The purpose is to be able to align all files to a reference volume, so that you don't have to change the volume constantly. This frame may also be used to balance adjust the audio. If the volume peak levels are known then this could be described with the 'Peak volume right' and 'Peak volume left' field. If Peakvolume is not known these fields could be left zeroed or, if no other data follows, be completely omitted.
    </Full_Description>
  </RVAD>

  <RVRB Name="Reverb" Class="ID3ReverbFrame">
    <Summary_Description>
      Reverb
    </Summary_Description>
    <Full_Description>
      Yet another subjective one. You may here adjust echoes of different kinds. Reverb left/right is the delay between every bounce in ms. Reverb bounces left/right is the number of bounces that should be made. $FF equals an infinite number of bounces. Feedback is the amount of volume that should be returned to the next echo bounce. $00 is 0%, $FF is 100%. If this value were $7F, there would be 50% volume reduction on the first bounce, 50% of that on the second and so on. Left to left means the sound from the left bounce to be played in the left speaker, while left to right means sound from the left bounce to be played in the right speaker.

      'Premix left to right' is the amount of left sound to be mixed in the right before any reverb is applied, where $00 id 0% and $FF is 100%. 'Premix right to left' does the same thing, but right to left. Setting both premix to $FF would result in a mono output (if the reverb is applied symmetric).
    </Full_Description>
    <PremixLeftToRight>Premix left to right is the amount of left sound to be mixed in the right before any reverb is applied, where $00 id 0% and $FF is 100%.</PremixLeftToRight>
    <PremixRightToLeft>Premix right to left does the same thing, but right to left. </PremixRightToLeft>
    <ReverbBouncesLeft>Reverb bounces left is the number of bounces that should be made. $FF equals an infinite number of bounces. </ReverbBouncesLeft>
    <ReverbBouncesRight>Reverb bounces right is the number of bounces that should be made. $FF equals an infinite number of bounces. </ReverbBouncesRight>
    <ReverbFeedbackLeftToLeft>Feedback is the amount of volume that should be returned to the next echo bounce. $00 is 0%, $FF is 100%. If this value were $7F, there would be 50% volume reduction on the first bounce, 50% of that on the second and so on. 'Left to left' means the sound from the left bounce to be played in the left speaker. </ReverbFeedbackLeftToLeft>
    <ReverbFeedbackLeftToRight>Feedback is the amount of volume that should be returned to the next echo bounce. $00 is 0%, $FF is 100%. If this value were $7F, there would be 50% volume reduction on the first bounce, 50% of that on the second and so on. 'Left to right' means sound from the left bounce to be played in the right speaker. </ReverbFeedbackLeftToRight>
    <ReverbFeedbackRightToLeft>Feedback is the amount of volume that should be returned to the next echo bounce. $00 is 0%, $FF is 100%. If this value were $7F, there would be 50% volume reduction on the first bounce, 50% of that on the second and so on. </ReverbFeedbackRightToLeft>
    <ReverbFeedbackRightToRight>Feedback is the amount of volume that should be returned to the next echo bounce. $00 is 0%, $FF is 100%. If this value were $7F, there would be 50% volume reduction on the first bounce, 50% of that on the second and so on. </ReverbFeedbackRightToRight>
    <ReverbLeftMS>Reverb left is the delay between every bounce in ms. Reverb bounces left is the number of bounces that should be made. $FF equals an infinite number of bounces. </ReverbLeftMS>
    <ReverbRightMS>Reverb right is the delay between every bounce in ms. Reverb bounces right is the number of bounces that should be made. $FF equals an infinite number of bounces. </ReverbRightMS>
  </RVRB>

  <SYLT Name="Synchronized Lyrics" Class="ID3SynchronizedLyricsFrame">
    <Summary_Description>
      Synchronized lyric/text
    </Summary_Description>
    <Full_Description>
      This is another way of incorporating the words, said or sung lyrics, in the audio file as text, this time, however, in sync with the audio. It might also be used to describing events e.g. occurring on a stage or on the screen in sync with the audio. The header includes a content descriptor, represented with as terminated textstring. If no descriptor is entered, 'Content descriptor' is $00 (00) only.
      There may be more than one SynchronizedLyrics frames per tag, but only one with the same language and content descriptor.
    </Full_Description>
    <Description>Description of the lyrics.</Description>
    <PositionUnit>The measure unit of the Position field of each Synchronized Lyric piece.</PositionUnit>
  </SYLT>

  <SYTC Name="Synchronized tempo codes" Class="ID3SynchronizedTempoCodesFrame">
    <Summary_Description>
      Synchronized tempo codes
    </Summary_Description>
    <Full_Description>
      For a more accurate description of the tempo of a musical piece this frame might be used. After the header follows one byte describing which time stamp format should be used. Then follows one or more tempo codes. Each tempo code consists of one tempo part and one time part. The tempo is in BPM described with one or two bytes. If the first byte has the value $FF, one more byte follows, which is added to the first giving a range from 2 - 510 BPM, since $00 and $01 is reserved. $00 is used to describe a beat-free time period, which is not the same as a music-free time period. $01 is used to indicate one single beat-stroke followed by a beat-free period. The tempo descriptor is followed by a time stamp. Every time the tempo in the music changes, a tempo descriptor may indicate this for the player. All tempo descriptors should be sorted in chronological order. The first beat-stroke in a time-period is at the same time as the beat description occurs.
    </Full_Description>
  </SYTC>

  <TALB Name="Album" Class="ID3AlbumFrame">
    <Summary_Description>
      Album/Movie/Show title
    </Summary_Description>
    <Full_Description>
      The 'Album/Movie/Show title' frame is intended for the title of the recording(/source of sound) which the audio in the file is taken from.
    </Full_Description>
  </TALB>

  <TBPM Name="BMP" Class="ID3BeatsPerMinuteFrame">
    <Summary_Description>
      BPM (beats per minute)
    </Summary_Description>
    <Full_Description>
      Contains the number of beats per minute in the mainpart of the audio. The BPM is an integer and represented as a numerical string.
    </Full_Description>
  </TBPM>

  <TCOM Name="Composers" Class="ID3ComposersFrame">
    <Summary_Description>
      Composers
    </Summary_Description>
    <Full_Description>
      Intended for the name of the composer(s). They are seperated with the "/" character.
    </Full_Description>
    <Composers>Composers are seperated with the '/' character.</Composers>
  </TCOM>

  <TCON Name="Genre" Class="ID3GenreFrame">
    <Summary_Description>
      Genre (Content type)
    </Summary_Description>
    <Full_Description>
      The 'Content type', which previously was stored as a one byte numeric value only, is now a numeric string. You may use one or several of the types as ID3v1.1 did or, since the category list would be impossible to maintain with accurate and up to date categories, define your own.
      References to the ID3v1 genres can be made by, as first byte, enter "(" followed by a number from the genres list (appendix A) and ended with a ")" character. This is optionally followed by a refinement, e.g. "(21)" or "(4)Eurodisco". Several references can be made in the same frame, e.g. "(51)(39)". If the refinement should begin with a "(" character it should be replaced with "((", e.g. "((I can figure out any genre)" or "(55)((I think...)". The following new content types is defined in ID3v2 and is implemented in the same way as the numeric content types, e.g. "(RX)":
      RX	Remix
      CR	Cover
    </Full_Description>
    <Genre>E.g. '(4)', '(4)Eurodisco', 'Eurodisco', '(51)(39)'.</Genre>
    <IsCover>Indicates if this track is a cover of another song.</IsCover>
    <IsRemix>Indicates if this track is a remix of another song.</IsRemix>
  </TCON>

  <TCOP Name="Copyright message" Class="ID3CopyrightMessageFrame">
    <Summary_Description>
      Copyright message
    </Summary_Description>
    <Full_Description>
      Must begin with a year and a space character (making five characters). Is intended for the copyright holder of the original sound, not the audio file itself. The absence of this frame means only that the copyright information is unavailable or has been removed, and must not be interpreted to mean that the sound is public domain. Every time this field is displayed the field must be preceded with "Copyright © ".
    </Full_Description>
    <CopyrightMessage>Must begin with a year and a space character. e.g. "2005 Name"</CopyrightMessage>
  </TCOP>

  <TDAT Name="Recording Day and Month" Class="ID3RecordingDayMonthFrame">
    <Summary_Description>
      Recording Day and Month
    </Summary_Description>
    <Full_Description>
      The 'Date' frame is a numeric string in the DDMM format containing the date for the recording. This field is always four characters long.
    </Full_Description>
  </TDAT>

  <TDLY Name="Playlist delay" Class="ID3PlaylistDelayMillisecondsFrame">
    <Summary_Description>
      Playlist delay
    </Summary_Description>
    <Full_Description>
      Defines the numbers of milliseconds of silence between every song in a playlist. The player should use the this frame, if present, to skip initial silence and silence at the end of the audio to match the 'Playlist delay' time. The time is represented as a numeric string.
    </Full_Description>
  </TDLY>

  <TENC Name="Encoded by" Class="ID3EncodedByFrame">
    <Summary_Description>
      Encoded by
    </Summary_Description>
    <Full_Description>
      Contains the name of the person or organisation that encoded the audio file. This field may contain a copyright message, if the audio file also is copyrighted by the encoder.
    </Full_Description>
  </TENC>

  <TEXT Name="Lyricist" Class="ID3LyricistFrame">
    <Summary_Description>
      Lyricist/Text writer
    </Summary_Description>
    <Full_Description>
      Intended for the writer(s) of the text or lyrics in the recording. They are seperated with the "/" character.
    </Full_Description>
    <Lyricist>Lyricists are seperated with the '/' character.</Lyricist>
  </TEXT>

  <TFLT Name="File type" Class="ID3FileTypeFrame">
    <Summary_Description>
      File type
    </Summary_Description>
    <Full_Description>
      The 'File type' frame indicates which type of audio this tag defines. The following type and refinements are defined:

MPG	 	MPEG Audio
/1    MPEG 1/2 layer I
/2    MPEG 1/2 layer II
/3    MPEG 1/2 layer III
/2.5  MPEG 2.5
/AAC  Advanced audio compression
VQF   Transform-domain Weighted
      Interleave Vector Quantization
PCM   Pulse Code Modulated audio

      but other types may be used, not for these types though. This is used in a similar way to the predefined types in the "TMED" frame, but without parentheses. If this frame is not present audio type is assumed to be "MPG".
    </Full_Description>
    <FileType>E.g. MPG.</FileType>
  </TFLT>

  <TIME Name="Duration (HH:MM)" Class="ID3DurationHoursMinutesFrame">
    <Summary_Description>
      Recording hours and minutes duration
    </Summary_Description>
    <Full_Description>
      A numeric string in the HHMM format containing the time for the recording. This field is always four characters long.
    </Full_Description>
  </TIME>

  <TIT1 Name="Content group" Class="ID3ContentGroupDescriptionFrame">
    <Summary_Description>
      Content group description
    </Summary_Description>
    <Full_Description>
      Used if the sound belongs to a larger category of sounds/music. For example, classical music is often sorted in different musical sections (e.g. "Piano Concerto", "Weather - Hurricane").
    </Full_Description>
    <ContentGroupDescription>e.g. "Piano Concerto", "Weather - Hurricane"</ContentGroupDescription>
  </TIT1>

  <TIT2 Name="Title" Class="ID3TitleFrame">
    <Summary_Description>
      Title/songname/content description
    </Summary_Description>
    <Full_Description>
      The actual name of the piece (e.g. "Adagio", "Hurricane Donna").
    </Full_Description>
  </TIT2>

  <TIT3 Name="Subtitle" Class="ID3SubtitleFrame">
    <Summary_Description>
      Subtitle/Description refinement
    </Summary_Description>
    <Full_Description>
      Used for information directly related to the contents title (e.g. "Op. 16" or "Performed live at Wembley").
    </Full_Description>
    <Subtitle>e.g. "Op. 16" or "Performed live at Wembley"</Subtitle>
  </TIT3>

  <TKEY Name="Initial key" Class="ID3InitialKeyFrame">
    <Summary_Description>
      Initial key
    </Summary_Description>
    <Full_Description>
      The 'Initial key' frame contains the musical key in which the sound starts. It is represented as a string with a maximum length of three characters. The ground keys are represented with "A","B","C","D","E", "F" and "G" and halfkeys represented with "b" and "#". Minor is represented as "m". Example "Cbm". Off key is represented with an "o" only.
    </Full_Description>
    <InitialKey>Ground keys: "A","B"..."G". Halfkeys: "b","#". Minor: "m". e.g. "Cbm". Off key: "o".</InitialKey>
  </TKEY>

  <TLAN Name="Language(s)" Class="ID3LanguagesFrame">
    <Summary_Description>
      Language(s)
    </Summary_Description>
    <Full_Description>
      Contain the languages of the text or lyrics spoken or sung in the audio. The language is represented with three characters according to ISO-639-2. If more than one language is used in the text their language codes should follow according to their usage.
    </Full_Description>
    <Languages>e.g. "eng". For more languages, the language codes should follow according to their usage.</Languages>
  </TLAN>

  <TLEN Name="Duration (ms)" Class="ID3DurationMillisecondsFrame">
    <Summary_Description>
      Duration of the track in milliseconds.
    </Summary_Description>
    <Full_Description>
      The 'Length' frame contains the length of the audiofile in milliseconds, represented as a numeric string.
    </Full_Description>
  </TLEN>

  <TMED Name="Media type" Class="ID3MediaTypeFrame">
    <Summary_Description>
      Media type
    </Summary_Description>
    <Full_Description>
      The 'Media type' frame describes from which media the sound originated. This may be a text string or a reference to the predefined media types found in the list below. References are made within "(" and ")" and are optionally followed by a text refinement, e.g. "(MC) with four channels". If a text refinement should begin with a "(" character it should be replaced with "((" in the same way as in the "TCO" frame. Predefined refinements is appended after the media type, e.g. "(CD/A)" or "(VID/PAL/VHS)".

DIG     Other digital media
  /A    Analog transfer from media

ANA     Other analog media
  /WAC  Wax cylinder
  /8CA  8-track tape cassette

CD      CD
  /A    Analog transfer from media
  /DD   DDD
  /AD   ADD
  /AA   AAD

LD      Laserdisc
  /A    Analog transfer from media

TT      Turntable records
  /33   33.33 rpm
  /45   45 rpm
  /71   71.29 rpm
  /76   76.59 rpm
  /78   78.26 rpm
  /80   80 rpm

MD      MiniDisc
  /A    Analog transfer from media

DAT     DAT
  /A    Analog transfer from media
  /1    standard, 48 kHz/16 bits, linear
  /2    mode 2, 32 kHz/16 bits, linear
  /3    mode 3, 32 kHz/12 bits, nonlinear, low speed
  /4    mode 4, 32 kHz/12 bits, 4 channels
  /5    mode 5, 44.1 kHz/16 bits, linear
  /6    mode 6, 44.1 kHz/16 bits, 'wide track' play

DCC     DCC
  /A    Analog transfer from media

DVD     DVD
  /A    Analog transfer from media

TV      Television
  /PAL  PAL
  /NTSC NTSC
  /SECAM SECAM

VID     Video
  /PAL  PAL
  /NTSC NTSC
  /SECAM SECAM
  /VHS  VHS
  /SVHS S-VHS
  /BETA BETAMAX

RAD     Radio
  /FM   FM
  /AM   AM
  /LW   LW
  /MW   MW

TEL     Telephone
  /I    ISDN

MC      MC (normal cassette)
  /4    4.75 cm/s (normal speed for a two sided cassette)
  /9    9.5 cm/s
  /I    Type I cassette (ferric/normal)
  /II   Type II cassette (chrome)
  /III  Type III cassette (ferric chrome)
  /IV   Type IV cassette (metal)

REE     Reel
  /9    9.5 cm/s
  /19   19 cm/s
  /38   38 cm/s
  /76   76 cm/s
  /I    Type I cassette (ferric/normal)
  /II   Type II cassette (chrome)
  /III  Type III cassette (ferric chrome)
  /IV   Type IV cassette (metal)
    </Full_Description>
    <MediaType>See full description of the tag browser for more info about this field.</MediaType>
  </TMED>

  <TOAL Name="Original Album" Class="ID3OriginalAlbumFrame">
    <Summary_Description>
      Original album/movie/show title
    </Summary_Description>
    <Full_Description>
      Intended for the title of the original recording (or source of sound), if for example the music in the file should be a cover of a previously released song.
    </Full_Description>
  </TOAL>

  <TOFN Name="Original File Name" Class="ID3OriginalFileNameFrame">
    <Summary_Description>
      Original filename
    </Summary_Description>
    <Full_Description>
      Contains the preferred filename for the file, since some media doesn't allow the desired length of the filename. The filename is case sensitive and includes its suffix.
    </Full_Description>
  </TOFN>

  <TOLY Name="Original Lyricist" Class="ID3OriginalLyricistFrame">
    <Summary_Description>
      Original lyricist(s)/text writer(s)
    </Summary_Description>
    <Full_Description>
      Intended for the text writer(s) of the original recording, if for example the music in the file should be a cover of a previously released song. The text writers are seperated with the "/" character.
    </Full_Description>
    <OriginalLyricist>The text writers are seperated with the '/' character.</OriginalLyricist>
  </TOLY>

  <TOPE Name="Original Artist" Class="ID3OriginalArtistFrame">
    <Summary_Description>
      Original artist(s)/performer(s)
    </Summary_Description>
    <Full_Description>
      Intended for the performer(s) of the original recording, if for example the music in the file should be a cover of a previously released song. The performers are seperated with the "/" character.
    </Full_Description>
    <OriginalArtist>The performers are seperated with the '/' character.</OriginalArtist>
  </TOPE>

  <TORY Name="Original Year" Class="ID3OriginalYearFrame">
    <Summary_Description>
      Original release year
    </Summary_Description>
    <Full_Description>
      Intended for the year when the original recording, if for example the music in the file should be a cover of a previously released song, was released. The field is formatted as in the "TYER" frame.
    </Full_Description>
    <OriginalYear>A four-character string.</OriginalYear>
  </TORY>

  <TOWN Name="File Owner" Class="ID3FileOwnerFrame">
    <Summary_Description>
      File owner/licensee
    </Summary_Description>
    <Full_Description>
      Contains the name of the owner or licensee of the file and its contents.
    </Full_Description>
  </TOWN>

  <TPE1 Name="Artist" Class="ID3ArtistFrame">
    <Summary_Description>
      Lead performer(s)/Soloist(s)
    </Summary_Description>
    <Full_Description>
      The 'Lead artist(s)/Lead performer(s)/Soloist(s)/Performing group' is used for the main artist(s). They are seperated with the "/" character.
    </Full_Description>
    <Artist>Artists are seperated with the '/' character.</Artist>
  </TPE1>

  <TPE2 Name="Band" Class="ID3BandFrame">
    <Summary_Description>
      Band/orchestra/accompaniment
    </Summary_Description>
    <Full_Description>
      The 'Band/Orchestra/Accompaniment' frame is used for additional information about the performers in the recording.
    </Full_Description>
  </TPE2>

  <TPE3 Name="Conductor" Class="ID3ConductorFrame">
    <Summary_Description>
      Conductor/performer refinement
    </Summary_Description>
    <Full_Description>
      The 'Conductor' frame is used for the name of the conductor.
    </Full_Description>
  </TPE3>

  <TPE4 Name="Mix Artist" Class="ID3InterpretedByFrame">
    <Summary_Description>
      Interpreted, remixed, or otherwise modified by
    </Summary_Description>
    <Full_Description>
      The 'Interpreted, remixed, or otherwise modified by' frame contains more information about the people behind a remix and similar interpretations of another existing piece.
    </Full_Description>
  </TPE4>

  <TPOS Name="Part in Set" Class="ID3PartOfSetFrame">
    <Summary_Description>
      Part of a set
    </Summary_Description>
    <Full_Description>
      The 'Part of a set' frame is a numeric string that describes which part of a set the audio came from. This frame is used if the source described in the "TALB" frame is divided into several mediums, e.g. a double CD. The value may be extended with a "/" character and a numeric string containing the total number of parts in the set. E.g. "1/2".
    </Full_Description>
  </TPOS>

  <TPUB Name="Publisher" Class="ID3PublisherFrame">
    <Summary_Description>
      Publisher
    </Summary_Description>
    <Full_Description>
      The 'Publisher' frame simply contains the name of the label or publisher.
    </Full_Description>
  </TPUB>

  <TRCK Name="Track number" Class="ID3TrackNumFrame">
    <Summary_Description>
      Track number/Position in set
    </Summary_Description>
    <Full_Description>
      A numeric string containing the order number of the audio-file on its original recording. This may be extended with a "/" character and a numeric string containing the total numer of tracks/elements on the original recording. E.g. "4/9".
    </Full_Description>
  </TRCK>

  <TRDA Name="Recording Dates" Class="ID3RecordingDatesFrame">
    <Summary_Description>
      Recording dates
    </Summary_Description>
    <Full_Description>
      Intended to be used as complement to the "TYER", "TDAT" and "TIME" frames. E.g. "4th-7th June, 12th June" in combination with the "TYER" frame.
    </Full_Description>
    <RecordingDates>e.g. "4th-7th June, 12th June"</RecordingDates>
  </TRDA>

  <TRSN Name="Net Radio Station" Class="ID3InternetRadioStationNameFrame">
    <Summary_Description>
      Internet radio station name
    </Summary_Description>
    <Full_Description>
      The 'Internet radio station name' frame contains the name of the internet radio station from which the audio is streamed.
    </Full_Description>
  </TRSN>

  <TRSO Name="Net Radio Owner" Class="ID3InternetRadioStationOwnerFrame">
    <Summary_Description>
      Internet radio station owner
    </Summary_Description>
    <Full_Description>
      The 'Internet radio station owner' frame contains the name of the owner of the internet radio station from which the audio is streamed.
    </Full_Description>
  </TRSO>

  <TSIZ Name="Size (bytes)" Class="ID3SizeBytesFrame">
    <Summary_Description>
      Size of audio data in bytes
    </Summary_Description>
    <Full_Description>
      The 'Size' frame contains the size of the audiofile in bytes, excluding the ID3v2 tag, represented as a numeric string.
    </Full_Description>
  </TSIZ>

  <TSRC Name="ISR Code" Class="ID3InternationalStandardRecordingCodeFrame">
    <Summary_Description>
      ISRC (international standard recording code)
    </Summary_Description>
    <Full_Description>
      The 'ISRC' frame should contain the International Standard Recording Code (ISRC) (12 characters).
    </Full_Description>
    <InternationalStandardRecordingCode>A 12-character code.</InternationalStandardRecordingCode>
  </TSRC>

  <TSSE Name="Encoder Settings" Class="ID3EncoderSettingsFrame">
    <Summary_Description>
      Software/Hardware and settings used for encoding
    </Summary_Description>
    <Full_Description>
      The 'Software/Hardware and settings used for encoding' frame includes the used audio encoder and its settings when the file was encoded. Hardware refers to hardware encoders, not the computer on which a program was run.
    </Full_Description>
  </TSSE>

  <TYER Name="Year" Class="ID3YearFrame">
    <Summary_Description>
      Recording Year
    </Summary_Description>
    <Full_Description>
      A numeric string with a year of the recording. This frames is always four characters long (until the year 10000).
    </Full_Description>
  </TYER>

  <TXXX Name="User Text" Class="ID3UserDefinedTextFrame">
    <Summary_Description>
      User defined text information frame
    </Summary_Description>
    <Full_Description>
      This frame is intended for one-string text information concerning the audiofile in a similar way to the other "T"-frames. The frame body consists of a description of the string, represented as a terminated string, followed by the actual string.
      There may be more than one "TXXX" frame in each tag, but only one with the same description.
    </Full_Description>
  </TXXX>

  <UFID Name="Unique File ID" Class="ID3UniqueFileIDFrame">
    <Summary_Description>
      Unique file identifier
    </Summary_Description>
    <Full_Description>
      This frame's purpose is to be able to identify the audio file in a database that may contain more information relevant to the content. Since standardisation of such a database is beyond this document, all frames begin with a null-terminated string with a URL containing an email address, or a link to a location where an email address can be found, that belongs to the organisation responsible for this specific database implementation. Questions regarding the database should be sent to the indicated email address. The URL should not be used for the actual database queries. The string "http://www.id3.org/dummy/ufid.html" should be used for tests. Software that isn't told otherwise may safely remove such frames. The 'Owner identifier' must be non-empty (more than just a termination). The 'Owner identifier' is then followed by the actual identifier, which may be up to 64 bytes.
      There may be more than one "UFID" frame in a tag, but only one with the same 'Owner identifier'.
    </Full_Description>
    <OwnerIdentifier>An URL, an email address etc.</OwnerIdentifier>
  </UFID>

  <USER Name="Terms Of Use" Class="ID3TermsOfUseFrame">
    <Summary_Description>
      Terms of use
    </Summary_Description>
    <Full_Description>
      Contains a brief description of the terms of use and ownership of the file. More detailed information concerning the legal terms might be available through the "WCOP" frame. Newlines are allowed in the text.
    </Full_Description>
  </USER>

  <USLT Name="Unsynched Lyrics" Class="ID3UnsynchedLyricsFrame">
    <Summary_Description>
      Unsychronized lyric/text transcription
    </Summary_Description>
    <Full_Description>
      This frame contains the lyrics of the song or a text transcription of other vocal activities. The head includes an encoding descriptor and a content descriptor. The body consists of the actual text. The 'Content descriptor' is a terminated string. If no descriptor is entered, 'Content descriptor' is $00 (00) only. Newline characters are allowed in the text.
      There may be more than one UnsynchedLyrics frame per tag, but only one with the same language and content descriptor.
    </Full_Description>
  </USLT>

  <WCOM Name="Commercial Info Web Address" Class="ID3CommercialInformationWebAddressFrame">
    <Summary_Description>
      Web address for commercial information
    </Summary_Description>
    <Full_Description>
      A URL pointing at a webpage with information such as where the album can be bought.
      There may be more than one CommercialInformationWebAddress frame per tag, but not with the same content.
    </Full_Description>
  </WCOM>

  <WCOP Name="Copyright Web Address" Class="ID3CopyrightInformationWebAddressFrame">
    <Summary_Description>
      Web address of copyright/legal information
    </Summary_Description>
    <Full_Description>
      A URL pointing at a webpage where the terms of use and ownership of the file is described.
    </Full_Description>
  </WCOP>

  <WOAF Name="Audio File Web Page" Class="ID3OfficialAudioFileWebAddressFrame">
    <Summary_Description>
      Official web page of audio file
    </Summary_Description>
    <Full_Description>
      A URL pointing at a file specific webpage.
    </Full_Description>
  </WOAF>

  <WOAR Name="Artist Web Page" Class="ID3OfficialArtistWebAddressFrame">
    <Summary_Description>
      Official web page of artists/performer
    </Summary_Description>
    <Full_Description>
      The 'Official artist/performer webpage' frame is a URL pointing at the artists official webpage.
      There may be more than one OfficialArtistWebAddress frame per tag if the audio contains more than one performer, but not with the same content.
    </Full_Description>
  </WOAR>

  <WOAS Name="Audio Source Web Page" Class="ID3OfficialAudioSourceWebAddressFrame">
    <Summary_Description>
      Official web page of audio source
    </Summary_Description>
    <Full_Description>
      A URL pointing at the official webpage for the source of the audio file, e.g. a movie.
    </Full_Description>
  </WOAS>

  <WORS Name="Radio Station Web Page" Class="ID3OfficialInternetRadioStationWebAddressFrame">
    <Summary_Description>
      Official web page of internet radio station
    </Summary_Description>
    <Full_Description>
      Contains a URL pointing at the homepage of the internet radio station.
    </Full_Description>
  </WORS>

  <WPAY Name="Payment Web Address" Class="ID3PaymentWebAddressFrame">
    <Summary_Description>
      Web address for payment of this track
    </Summary_Description>
    <Full_Description>
      A URL pointing at a webpage that will handle the process of paying for this file.
    </Full_Description>
  </WPAY>

  <WPUB Name="Publisher Web Page" Class="ID3PublisherWebAddressFrame">
    <Summary_Description>
      Official web page of publisher
    </Summary_Description>
    <Full_Description>
      A URL pointing at the official wepage for the publisher.
    </Full_Description>
  </WPUB>

  <WXXX Name="User-Defined Web Page" Class="ID3UserDefinedWebAddressFrame">
    <Summary_Description>
      Web page defined by the user
    </Summary_Description>
    <Full_Description>
      This frame is intended for URL links concerning the audiofile in a similar way to the other "W"-frames. The frame body consists of a description of the string, represented as a terminated string, followed by the actual URL. The URL is always encoded with ISO-8859-1.
      There may be more than one UserDefinedWebAddress frame per tag, but only one with the same description.
    </Full_Description>
  </WXXX>
  
</FrameExplanations>