<FramesDefaultCategories>
  <!-- Audio Encryption -->
  <AENC Category="Stream Info" />
  <!-- Attached Picture -->
  <APIC Category="Attachments" />
  <!-- Comments -->
  <COMM Category="Main" />
  <!-- Commercial -->
  <COMR Category="Miscellanious" />
  <!-- Encryption method registration -->
  <ENCR Category="Stream Info" />
  <!-- Equalization -->
  <EQUA Category="Playing" />
  <!-- Event timing codes -->
  <ETCO Category="Playing" />
  <!-- General encapsulated object -->
  <GEOB Category="Attachments" />
  <!-- Group identification registration -->
  <GRID Category="Miscellanious" />
  <!-- Involved people list -->
  <IPLS Category="Contributors" />
  <!-- Linked Information -->
  <LINK Category="Miscellanious" />
  <!-- Music CD Identifier -->
  <MCDI Category="Identifiers" />
  <!-- MPEG location lookup table -->
  <MLLT Category="Stream Info" />
  <!-- Ownership -->
  <OWNE Category="Legal" />
  <!-- Private -->
  <PRIV Category="Miscellanious" />
  <!-- Play Counter -->
  <PCNT Category="Playing" />
  <!-- Popularimeter -->
  <POPM Category="Playing" />
  <!-- Position synchronisation -->
  <POSS Category="Playing" />
  <!-- Recommended buffer size -->
  <RBUF Category="Playing" />
  <!-- Relative volume adjustment -->
  <RVAD Category="Playing" />
  <!-- Reverb -->
  <RVRB Category="Playing" />
  <!-- Synchronised lyric/text -->
  <SYLT Category="Playing" />
  <!-- Synchronised tempo codes -->
  <SYTC Category="Miscellanious" />
  <!-- Album/Movie/Show title -->
  <TALB Category="Main" />
  <!-- Beats per minute -->
  <TBPM Category="Stream Info" />
  <!-- Composers -->
  <TCOM Category="Contributors" />
  <!-- Content Type (Genre) -->
  <TCON Category="Main" />
  <!-- Copyright message -->
  <TCOP Category="Legal" />
  <!-- Recording date -->
  <TDAT Category="Recording Info" />
  <!-- Playlist delay -->
  <TDLY Category="Playing" />
  <!-- Encoded by -->
  <TENC Category="Recording Info" />
  <!-- Lyricist/Text writer -->
  <TEXT Category="Contributors" />
  <!-- Filetype -->
  <TFLT Category="Stream Info" />
  <!-- Recording time -->
  <TIME Category="Recording Info" />
  <!-- Content group description -->
  <TIT1 Category="Content" />
  <!-- Title/Content -->
  <TIT2 Category="Main" />
  <!-- Subtitle/Description refinement -->
  <TIT3 Category="Content" />
  <!-- Initial key -->
  <TKEY Category="Miscellanious" />
  <!-- Languages -->
  <TLAN Category="Content" />
  <!-- Length -->
  <TLEN Category="Playing" />
  <!-- Mediatype -->
  <TMED Category="Content" />
  <!-- Original album/movie/show -->
  <TOAL Category="Content" />
  <!-- Original filename -->
  <TOFN Category="Stream Info" />
  <!-- Original lyricists/text writers -->
  <TOLY Category="Contributors" />
  <!-- Original artists/performers -->
  <TOPE Category="Contributors" />
  <!-- Original release year -->
  <TORY Category="Recording Info" />
  <!-- File owner/licensee -->
  <TOWN Category="Legal" />
  <!-- Lead performers/Soloists (Artist) -->
  <TPE1 Category="Main" />
  <!-- Band/Orchestra/accompaniment -->
  <TPE2 Category="Contributors" />
  <!-- Conductor/performer refinement -->
  <TPE3 Category="Contributors" />
  <!-- Interpreted, remixed or otherwise modified by -->
  <TPE4 Category="Contributors" />
  <!-- Part of a set -->
  <TPOS Category="Miscellanious" />
  <!-- Publisher -->
  <TPUB Category="Contributors" />
  <!-- Track Number / Position in set -->
  <TRCK Category="Miscellanious" />
  <!-- Recording Dates -->
  <TRDA Category="Recording Info" />
  <!-- Internet radiostation name -->
  <TRSN Category="Internet" />
  <!-- Internet radio station owner -->
  <TRSO Category="Internet" />
  <!-- Size -->
  <TSIZ Category="Stream Info" />
  <!-- ISRC (International standard recording code) -->
  <TSRC Category="Identifiers" />
  <!-- Software / Hardware settings used for encoding -->
  <TSSE Category="Miscellanious" />
  <!-- Year -->
  <TYER Category="Recording Info" />
  <!-- User defined text information frame -->
  <TXXX Category="Miscellanious" />
  <!-- Unique file identifier -->
  <UFID Category="Identifiers" />
  <!-- Terms of use -->
  <USER Category="Legal" />
  <!-- Unsynchronised lyric / text transcription -->
  <USLT Category="Playing" />
  <!-- Commercial info url -->
  <WCOM Category="Internet" />
  <!-- Copyright / legal info url -->
  <WCOP Category="Internet" />
  <!-- Official audiofile url -->
  <WOAF Category="Internet" />
  <!-- Official artist / performer url -->
  <WOAR Category="Internet" />
  <!-- Official audiosource -->
  <WOAS Category="Internet" />
  <!-- Official internet radio station url -->
  <WORS Category="Internet" />
  <!-- Payment url -->
  <WPAY Category="Internet" />
  <!-- Publishers official webpage url -->
  <WPUB Category="Internet" />
  <!-- Web page defined by the user -->
  <WXXX Category="Internet" />
</FramesDefaultCategories>
<!-- This file was created for TagID. More info at http://www34.brinkster.com/kingherc/. -->